community_id,size,labelled_size,purity,n_distinct_synsets
1,3,2,0.5,2
3,3,2,0.5,2
4,3,3,0.6666666666666666,2
5,4,2,1.0,1
6,6,2,1.0,1
7,5,2,0.5,2
8,4,2,0.5,2
10,3,3,0.6666666666666666,2
11,3,2,1.0,1
12,4,2,0.5,2
14,4,2,1.0,1
15,3,2,0.5,2
16,6,2,1.0,1
17,3,3,0.6666666666666666,2
18,3,3,0.6666666666666666,2
19,3,3,0.6666666666666666,2
20,3,3,0.6666666666666666,2
21,4,2,0.5,2
23,8,5,0.4,3
24,7,3,0.3333333333333333,3
25,7,2,1.0,1
26,5,2,0.5,2
27,3,3,0.6666666666666666,2
28,5,2,1.0,1
29,4,2,1.0,1
30,4,2,0.5,2
31,4,2,0.5,2
32,7,2,0.5,2
33,4,2,1.0,1
34,6,3,0.6666666666666666,2
35,4,2,0.5,2
36,3,3,0.6666666666666666,2
37,3,2,1.0,1
38,4,2,0.5,2
40,3,2,1.0,1
41,3,2,1.0,1
42,8,3,0.6666666666666666,2
43,5,3,1.0,1
44,3,2,1.0,1
45,10,5,0.6,3
46,16,7,0.42857142857142855,5
47,12,5,0.4,3
48,13,6,0.8333333333333334,2
49,7,3,1.0,1
51,3,2,1.0,1
52,5,3,0.6666666666666666,2
54,5,3,0.3333333333333333,3
55,5,2,0.5,2
56,5,3,0.3333333333333333,3
59,7,4,0.5,3
64,5,2,1.0,1
66,4,2,0.5,2
67,4,2,1.0,1
68,4,2,0.5,2
69,6,4,0.75,2
70,3,2,1.0,1
72,3,2,1.0,1
74,4,2,1.0,1
75,6,4,0.5,3
76,3,2,1.0,1
77,7,2,1.0,1
78,3,2,0.5,2
80,13,5,0.6,3
81,3,2,1.0,1
82,4,3,0.6666666666666666,2
84,5,3,0.6666666666666666,2
85,3,2,1.0,1
87,3,2,1.0,1
89,3,2,0.5,2
90,6,4,0.5,2
92,3,2,0.5,2
93,5,2,0.5,2
94,3,2,1.0,1
97,7,5,0.4,3
98,4,2,0.5,2
100,5,3,0.3333333333333333,3
101,4,2,0.5,2
103,3,3,1.0,1
104,3,2,1.0,1
105,3,2,1.0,1
106,8,5,0.6,2
107,3,2,1.0,1
108,6,2,1.0,1
109,3,2,1.0,1
110,8,4,0.5,2
112,5,2,0.5,2
113,6,3,1.0,1
114,3,2,1.0,1
115,6,3,0.6666666666666666,2
116,3,2,0.5,2
119,8,4,0.75,2
120,4,2,0.5,2
121,5,2,0.5,2
122,4,2,1.0,1
123,3,2,1.0,1
124,5,2,0.5,2
126,4,2,1.0,1
127,4,2,0.5,2
131,3,2,0.5,2
132,4,3,0.6666666666666666,2
133,4,2,0.5,2
136,8,4,0.5,3
137,4,2,0.5,2
138,6,2,0.5,2
139,8,4,0.25,4
142,9,4,0.5,3
143,6,4,0.5,3
144,5,3,1.0,1
145,3,2,1.0,1
146,6,3,0.3333333333333333,3
147,4,2,1.0,1
149,8,5,0.6,2
150,3,2,0.5,2
151,8,6,0.3333333333333333,4
152,3,3,1.0,1
153,6,3,0.3333333333333333,3
155,4,2,1.0,1
156,6,3,0.3333333333333333,3
157,5,2,0.5,2
158,3,2,1.0,1
160,9,7,0.2857142857142857,5
161,5,2,0.5,2
162,4,2,1.0,1
163,6,3,0.6666666666666666,2
164,7,4,0.25,4
167,3,2,1.0,1
169,3,3,1.0,1
170,4,2,1.0,1
171,5,2,1.0,1
172,4,2,0.5,2
173,5,2,1.0,1
174,9,5,0.6,3
175,3,3,1.0,1
177,6,3,0.6666666666666666,2
179,4,2,0.5,2
180,4,2,1.0,1
183,11,2,0.5,2
186,6,2,0.5,2
187,3,2,1.0,1
188,5,2,0.5,2
190,3,2,1.0,1
191,7,4,0.75,2
193,7,4,0.5,2
194,6,3,0.3333333333333333,3
196,4,2,1.0,1
197,4,3,0.3333333333333333,3
199,3,2,0.5,2
200,10,7,0.5714285714285714,3
201,3,2,0.5,2
202,7,3,0.3333333333333333,3
203,5,3,1.0,1
204,7,5,0.6,3
205,8,5,0.6,3
206,4,2,1.0,1
208,5,3,0.6666666666666666,2
211,4,2,1.0,1
212,3,2,1.0,1
213,5,2,1.0,1
214,5,2,1.0,1
215,13,7,0.5714285714285714,2
217,10,3,0.6666666666666666,2
218,4,3,0.6666666666666666,2
219,7,2,1.0,1
222,6,2,1.0,1
223,10,4,0.5,3
224,6,4,0.25,4
225,4,2,0.5,2
226,7,4,0.5,3
228,4,2,0.5,2
229,7,5,1.0,1
230,3,2,1.0,1
231,4,2,1.0,1
232,3,2,1.0,1
233,3,2,1.0,1
234,7,3,0.3333333333333333,3
235,11,5,0.6,3
236,8,4,0.75,2
237,5,2,0.5,2
238,3,2,0.5,2
239,3,2,0.5,2
241,3,2,1.0,1
242,3,2,1.0,1
243,9,4,0.75,2
244,3,2,0.5,2
245,4,2,0.5,2
247,3,2,1.0,1
248,4,2,1.0,1
249,5,4,1.0,1
251,5,3,0.6666666666666666,2
252,16,8,0.25,5
254,3,2,1.0,1
255,4,2,0.5,2
256,3,2,1.0,1
257,4,2,0.5,2
258,3,2,1.0,1
260,3,2,1.0,1
261,9,5,0.4,3
264,5,4,0.5,3
265,6,4,0.5,3
267,8,6,0.3333333333333333,5
268,4,2,1.0,1
269,3,2,1.0,1
270,4,2,0.5,2
271,8,4,1.0,1
274,6,3,0.3333333333333333,3
275,4,2,0.5,2
277,7,3,1.0,1
278,6,5,0.6,3
281,8,6,0.3333333333333333,5
283,22,9,0.4444444444444444,4
284,9,4,0.5,3
285,5,2,0.5,2
286,4,2,0.5,2
288,6,3,0.6666666666666666,2
289,4,2,1.0,1
291,3,2,1.0,1
292,4,2,0.5,2
293,4,3,0.6666666666666666,2
296,3,2,1.0,1
297,4,2,1.0,1
298,6,2,0.5,2
299,4,2,0.5,2
300,4,2,0.5,2
301,3,2,1.0,1
303,3,2,1.0,1
304,8,4,0.5,2
305,4,2,0.5,2
306,5,2,0.5,2
308,4,2,0.5,2
310,4,2,0.5,2
311,4,2,0.5,2
312,3,2,1.0,1
313,4,2,1.0,1
314,4,3,1.0,1
316,8,5,0.4,4
317,4,2,0.5,2
318,6,3,0.3333333333333333,3
321,7,3,0.6666666666666666,2
322,3,2,0.5,2
323,6,3,0.6666666666666666,2
325,9,5,0.4,4
328,3,2,0.5,2
329,11,3,0.3333333333333333,3
330,3,3,0.6666666666666666,2
331,4,2,0.5,2
334,3,2,1.0,1
335,3,2,0.5,2
336,4,2,0.5,2
337,3,2,1.0,1
338,3,2,1.0,1
339,3,2,0.5,2
340,8,2,1.0,1
342,3,2,0.5,2
343,5,3,0.3333333333333333,3
344,7,4,0.5,2
345,6,4,0.5,3
346,4,3,0.3333333333333333,3
349,7,3,0.6666666666666666,2
351,6,3,0.6666666666666666,2
352,3,2,1.0,1
353,4,2,0.5,2
354,3,2,0.5,2
355,3,2,1.0,1
356,3,2,1.0,1
357,3,2,0.5,2
358,14,4,0.5,3
361,3,2,0.5,2
362,3,2,0.5,2
363,4,2,0.5,2
364,3,2,1.0,1
366,5,3,0.6666666666666666,2
369,5,4,0.5,3
370,5,3,0.6666666666666666,2
371,3,2,0.5,2
373,4,2,1.0,1
374,8,3,0.3333333333333333,3
377,11,6,0.3333333333333333,4
379,8,4,0.5,3
382,10,5,0.6,3
383,6,3,0.6666666666666666,2
385,3,3,1.0,1
387,6,3,0.3333333333333333,3
390,5,2,0.5,2
392,5,2,1.0,1
396,4,3,1.0,1
397,4,3,1.0,1
399,5,2,1.0,1
400,5,2,0.5,2
401,16,7,0.5714285714285714,2
402,6,2,1.0,1
403,5,3,0.3333333333333333,3
405,6,3,0.3333333333333333,3
409,3,2,1.0,1
413,4,3,0.6666666666666666,2
414,3,2,1.0,1
415,4,2,1.0,1
417,5,2,0.5,2
418,6,4,0.75,2
421,13,2,1.0,1
425,17,7,0.42857142857142855,3
426,5,2,0.5,2
428,4,2,0.5,2
429,4,2,0.5,2
430,7,4,0.25,4
431,4,3,0.6666666666666666,2
432,3,2,0.5,2
435,8,3,0.6666666666666666,2
440,6,2,0.5,2
441,3,2,0.5,2
443,3,3,1.0,1
444,3,2,1.0,1
445,4,2,0.5,2
446,4,2,1.0,1
447,6,2,0.5,2
448,6,2,0.5,2
449,3,2,1.0,1
450,4,2,1.0,1
451,4,3,0.6666666666666666,2
453,3,2,1.0,1
455,4,2,1.0,1
457,10,7,0.42857142857142855,4
458,3,2,0.5,2
459,3,2,1.0,1
460,7,3,0.3333333333333333,3
461,4,2,0.5,2
462,14,4,1.0,1
464,3,2,1.0,1
465,7,4,0.25,4
466,4,3,1.0,1
468,4,3,0.3333333333333333,3
469,8,4,0.25,4
470,5,3,0.6666666666666666,2
471,4,2,1.0,1
473,3,2,0.5,2
474,3,3,1.0,1
475,5,5,1.0,1
477,5,2,1.0,1
478,9,4,0.5,3
480,4,2,0.5,2
481,6,2,0.5,2
482,3,2,1.0,1
483,3,2,0.5,2
484,3,2,1.0,1
485,3,2,1.0,1
486,3,2,0.5,2
487,4,2,0.5,2
489,3,3,1.0,1
490,3,2,0.5,2
493,6,5,0.4,3
494,5,3,1.0,1
495,6,3,0.6666666666666666,2
497,4,3,1.0,1
498,5,3,0.6666666666666666,2
499,3,2,0.5,2
500,3,3,0.3333333333333333,3
501,4,2,1.0,1
503,3,2,1.0,1
505,3,2,0.5,2
509,4,2,0.5,2
510,3,2,1.0,1
511,5,5,1.0,1
512,3,3,0.3333333333333333,3
513,4,4,1.0,1
514,4,2,0.5,2
515,4,2,0.5,2
516,4,2,1.0,1
518,4,2,0.5,2
520,4,2,0.5,2
521,3,2,1.0,1
523,4,2,0.5,2
524,7,3,1.0,1
527,4,3,1.0,1
529,3,2,1.0,1
532,10,5,0.4,4
533,4,2,0.5,2
534,4,3,1.0,1
535,4,2,0.5,2
537,5,5,1.0,1
539,10,5,0.6,3
540,10,8,0.375,5
541,8,6,0.8333333333333334,2
542,6,2,1.0,1
543,16,9,0.4444444444444444,4
544,6,4,0.75,2
545,5,2,0.5,2
546,7,3,0.3333333333333333,3
547,3,2,0.5,2
549,9,5,0.6,3
550,3,2,1.0,1
552,5,2,1.0,1
553,4,2,0.5,2
558,5,2,0.5,2
561,5,4,0.5,3
563,9,9,1.0,1
564,3,3,1.0,1
565,3,2,1.0,1
566,3,2,1.0,1
567,3,3,1.0,1
569,5,4,1.0,1
570,3,3,0.6666666666666666,2
571,5,3,0.6666666666666666,2
572,3,3,0.6666666666666666,2
573,3,2,1.0,1
574,3,3,0.6666666666666666,2
576,4,3,0.6666666666666666,2
578,3,3,0.6666666666666666,2
579,11,9,0.6666666666666666,3
580,4,2,0.5,2
582,4,2,0.5,2
583,6,4,0.5,2
584,10,5,0.6,3
585,6,2,0.5,2
586,7,5,0.4,3
587,4,4,0.25,4
588,11,4,1.0,1
589,5,3,1.0,1
591,6,6,0.6666666666666666,3
593,4,4,0.5,3
594,3,2,1.0,1
596,3,2,1.0,1
598,3,2,0.5,2
599,3,2,1.0,1
600,5,3,1.0,1
601,15,11,0.36363636363636365,5
602,3,2,1.0,1
603,5,3,0.6666666666666666,2
606,4,2,1.0,1
608,17,10,0.6,3
609,3,2,1.0,1
610,3,2,1.0,1
611,3,2,1.0,1
612,3,2,1.0,1
613,3,2,1.0,1
614,5,3,0.3333333333333333,3
616,4,3,1.0,1
619,12,7,0.42857142857142855,4
620,7,3,1.0,1
621,4,2,0.5,2
622,3,2,0.5,2
626,4,2,1.0,1
627,4,3,1.0,1
628,4,2,1.0,1
629,3,2,1.0,1
631,4,2,0.5,2
632,7,2,0.5,2
633,4,2,0.5,2
636,5,3,0.6666666666666666,2
638,3,2,0.5,2
639,9,6,0.5,3
640,4,2,0.5,2
641,10,6,0.5,3
642,4,3,0.6666666666666666,2
643,4,2,0.5,2
645,3,2,1.0,1
646,3,3,1.0,1
647,5,3,0.6666666666666666,2
648,3,2,1.0,1
649,3,2,0.5,2
650,7,3,0.6666666666666666,2
652,5,3,0.6666666666666666,2
654,3,2,0.5,2
656,3,2,1.0,1
658,9,6,0.3333333333333333,5
659,9,3,0.6666666666666666,2
662,3,2,0.5,2
663,3,2,1.0,1
668,5,2,0.5,2
671,3,2,0.5,2
672,3,2,0.5,2
673,4,2,1.0,1
674,6,5,0.6,2
676,6,4,0.5,3
677,6,3,0.6666666666666666,2
678,3,2,1.0,1
679,14,6,0.3333333333333333,4
680,3,2,1.0,1
681,8,3,0.6666666666666666,2
682,4,2,1.0,1
683,3,2,0.5,2
684,8,3,1.0,1
685,3,2,1.0,1
686,4,2,0.5,2
689,8,5,0.4,3
691,8,6,0.5,3
692,8,4,0.5,3
693,3,2,0.5,2
694,4,2,0.5,2
695,5,3,0.3333333333333333,3
696,8,4,0.5,3
697,3,2,1.0,1
698,3,2,1.0,1
699,4,2,1.0,1
700,6,3,0.6666666666666666,2
701,3,3,1.0,1
702,5,2,0.5,2
703,10,10,1.0,1
704,3,3,0.6666666666666666,2
705,3,2,1.0,1
706,3,2,1.0,1
707,74,74,0.9864864864864865,2
708,3,3,0.6666666666666666,2
709,6,3,1.0,1
710,4,2,1.0,1
712,3,2,1.0,1
713,3,2,1.0,1
715,3,2,0.5,2
717,5,3,0.6666666666666666,2
718,3,2,0.5,2
719,3,2,0.5,2
720,3,2,1.0,1
721,4,2,0.5,2
724,4,2,1.0,1
725,6,3,0.6666666666666666,2
726,3,2,1.0,1
729,6,3,1.0,1
730,9,6,0.8333333333333334,2
731,4,2,1.0,1
732,4,2,1.0,1
733,3,2,1.0,1
734,3,2,0.5,2
735,5,2,0.5,2
736,6,3,0.3333333333333333,3
737,6,3,0.6666666666666666,2
738,3,2,1.0,1
739,3,2,1.0,1
740,7,4,0.75,2
741,4,2,0.5,2
742,4,2,0.5,2
743,8,2,1.0,1
745,4,2,0.5,2
746,5,2,1.0,1
747,6,4,0.75,2
749,3,3,0.3333333333333333,3
750,5,2,0.5,2
751,5,4,0.75,2
752,6,3,0.6666666666666666,2
753,6,3,0.6666666666666666,2
755,3,2,1.0,1
756,3,2,1.0,1
757,3,2,1.0,1
758,5,4,0.5,3
759,6,2,1.0,1
762,3,2,1.0,1
763,4,2,1.0,1
764,9,5,0.6,2
765,3,2,1.0,1
766,5,2,1.0,1
768,3,2,1.0,1
769,5,3,1.0,1
771,3,2,0.5,2
772,3,2,1.0,1
773,3,2,1.0,1
774,3,2,1.0,1
776,4,3,1.0,1
778,3,2,0.5,2
779,6,4,0.75,2
780,7,3,0.6666666666666666,2
781,3,2,0.5,2
783,5,3,0.3333333333333333,3
786,5,3,0.6666666666666666,2
787,3,2,0.5,2
788,4,2,1.0,1
790,8,5,0.4,3
791,6,4,0.75,2
792,3,2,0.5,2
793,4,3,0.3333333333333333,3
794,5,2,1.0,1
798,5,3,1.0,1
799,4,2,0.5,2
800,6,4,0.5,2
801,3,2,1.0,1
802,5,3,0.3333333333333333,3
803,5,3,0.6666666666666666,2
804,7,3,0.3333333333333333,3
805,3,3,1.0,1
806,3,3,0.6666666666666666,2
808,3,2,1.0,1
809,5,3,0.3333333333333333,3
810,5,2,0.5,2
812,3,2,1.0,1
813,3,2,1.0,1
814,3,2,1.0,1
815,3,2,0.5,2
816,5,2,1.0,1
817,3,2,1.0,1
818,3,2,1.0,1
819,4,2,1.0,1
820,9,4,0.75,2
821,6,3,0.6666666666666666,2
823,4,3,1.0,1
824,4,2,1.0,1
826,6,3,1.0,1
827,6,2,1.0,1
830,11,7,0.7142857142857143,3
831,3,2,0.5,2
832,5,2,0.5,2
833,10,6,0.5,3
834,3,2,1.0,1
837,8,4,0.75,2
838,7,3,0.3333333333333333,3
839,4,4,0.5,3
841,6,2,0.5,2
842,5,2,0.5,2
843,3,2,1.0,1
844,9,3,1.0,1
845,5,3,0.6666666666666666,2
846,4,2,0.5,2
850,6,2,0.5,2
853,5,3,0.3333333333333333,3
854,8,5,0.6,2
855,3,2,1.0,1
857,4,2,1.0,1
858,5,2,1.0,1
859,3,2,1.0,1
860,3,2,0.5,2
866,3,2,1.0,1
867,3,2,1.0,1
868,5,2,1.0,1
869,11,2,0.5,2
870,7,3,1.0,1
871,4,3,0.3333333333333333,3
872,9,6,1.0,1
873,3,2,1.0,1
874,3,2,0.5,2
875,6,4,0.5,3
876,3,2,1.0,1
877,5,3,0.3333333333333333,3
878,3,2,1.0,1
879,8,3,0.3333333333333333,3
881,4,3,1.0,1
883,4,2,1.0,1
884,7,4,0.75,2
886,4,2,1.0,1
887,3,2,1.0,1
888,4,2,0.5,2
890,4,2,1.0,1
891,11,6,0.6666666666666666,3
892,3,2,1.0,1
893,3,2,1.0,1
894,4,2,1.0,1
895,3,3,1.0,1
896,4,2,1.0,1
897,3,2,1.0,1
898,4,3,1.0,1
899,4,2,0.5,2
900,3,2,1.0,1
901,8,4,0.5,2
904,5,3,0.3333333333333333,3
905,3,2,1.0,1
906,4,2,1.0,1
907,8,5,0.6,3
908,4,2,1.0,1
909,4,2,0.5,2
910,4,2,1.0,1
911,3,2,0.5,2
912,3,2,0.5,2
914,3,2,1.0,1
916,5,2,1.0,1
917,3,2,1.0,1
918,4,2,1.0,1
919,4,3,1.0,1
920,4,3,1.0,1
921,4,3,1.0,1
922,3,2,1.0,1
924,4,2,1.0,1
925,3,2,1.0,1
926,4,3,1.0,1
927,5,3,0.6666666666666666,2
928,5,3,1.0,1
929,4,2,0.5,2
930,3,2,0.5,2
931,9,4,1.0,1
932,3,2,1.0,1
933,4,3,0.3333333333333333,3
934,3,2,1.0,1
935,3,2,1.0,1
936,3,2,1.0,1
938,6,5,0.4,4
939,3,2,1.0,1
940,3,2,1.0,1
941,7,3,1.0,1
944,3,2,1.0,1
945,3,2,0.5,2
946,3,2,1.0,1
947,5,3,0.3333333333333333,3
948,7,3,0.6666666666666666,2
949,3,2,1.0,1
953,4,2,0.5,2
954,3,2,1.0,1
955,12,9,0.5555555555555556,2
957,3,2,1.0,1
959,4,2,0.5,2
960,3,2,1.0,1
961,4,2,1.0,1
962,4,2,0.5,2
965,3,2,1.0,1
966,11,6,0.3333333333333333,4
967,3,2,0.5,2
969,4,2,0.5,2
972,3,2,0.5,2
973,3,2,1.0,1
974,3,2,1.0,1
976,10,5,0.6,3
977,7,3,0.3333333333333333,3
979,8,5,0.4,3
980,7,4,0.5,3
981,4,2,0.5,2
982,3,2,1.0,1
983,3,2,1.0,1
984,4,3,1.0,1
985,6,4,0.25,4
987,3,2,0.5,2
988,5,2,1.0,1
990,4,2,0.5,2
992,3,2,1.0,1
995,26,12,0.5833333333333334,3
996,3,2,0.5,2
997,5,2,0.5,2
1000,6,2,0.5,2
1007,4,2,0.5,2
1009,13,9,0.4444444444444444,5
1012,4,2,1.0,1
1013,4,2,0.5,2
1014,3,2,0.5,2
1015,4,2,0.5,2
1016,4,3,0.6666666666666666,2
1017,5,3,1.0,1
1019,4,3,1.0,1
1020,4,3,1.0,1
1021,8,2,0.5,2
1022,3,2,1.0,1
1023,7,5,0.6,2
1024,4,2,0.5,2
1025,3,2,0.5,2
1026,4,3,0.6666666666666666,2
1027,3,2,0.5,2
1028,3,2,1.0,1
1029,3,2,0.5,2
1030,3,2,1.0,1
1031,5,4,0.75,2
1033,4,2,0.5,2
1034,3,2,1.0,1
1035,10,7,0.42857142857142855,3
1038,3,2,1.0,1
1040,3,2,1.0,1
1042,7,3,1.0,1
1044,5,3,0.3333333333333333,3
1045,3,2,1.0,1
1046,6,3,0.3333333333333333,3
1048,3,2,1.0,1
1050,4,3,0.3333333333333333,3
1053,5,4,0.5,3
1058,3,2,0.5,2
1059,3,2,1.0,1
1060,6,3,1.0,1
1062,3,2,1.0,1
1066,5,2,0.5,2
1067,5,2,1.0,1
1068,7,5,0.6,2
1071,5,2,0.5,2
1072,6,3,0.3333333333333333,3
1075,4,2,1.0,1
1078,3,2,1.0,1
1081,6,3,1.0,1
1082,4,3,0.6666666666666666,2
1087,4,2,0.5,2
1089,3,2,0.5,2
1090,4,2,0.5,2
1091,4,2,0.5,2
1092,3,3,0.6666666666666666,2
1093,4,2,0.5,2
1094,3,2,0.5,2
1095,8,6,0.5,3
1097,5,4,0.5,3
1098,5,3,0.6666666666666666,2
1099,6,6,1.0,1
1100,3,3,1.0,1
1101,3,2,1.0,1
1102,5,5,1.0,1
1104,4,2,1.0,1
1108,3,2,0.5,2
1109,6,3,0.6666666666666666,2
1112,4,2,0.5,2
1115,10,10,0.9,2
1116,4,3,0.3333333333333333,3
1117,7,4,0.25,4
1118,3,2,1.0,1
1119,3,2,1.0,1
1123,6,4,0.5,2
1125,3,2,0.5,2
1126,4,3,1.0,1
1127,8,8,1.0,1
1128,7,7,1.0,1
1129,8,8,1.0,1
1130,5,4,1.0,1
1131,3,2,1.0,1
1133,3,3,1.0,1
1134,3,3,1.0,1
1135,3,3,1.0,1
1137,4,4,0.75,2
1138,4,2,1.0,1
1139,3,2,1.0,1
1140,5,2,0.5,2
1141,3,3,1.0,1
1142,3,2,0.5,2
1143,3,2,1.0,1
1144,4,3,0.6666666666666666,2
1145,4,4,1.0,1
1146,3,3,1.0,1
1147,3,3,1.0,1
1149,3,3,1.0,1
1150,4,2,1.0,1
1153,6,3,1.0,1
1154,6,3,1.0,1
1157,48,48,1.0,1
1158,4,4,1.0,1
1159,6,6,1.0,1
1160,5,5,1.0,1
1161,3,3,1.0,1
1162,7,7,1.0,1
1163,3,3,1.0,1
1164,3,3,1.0,1
1165,3,3,1.0,1
1168,3,3,1.0,1
1169,3,2,1.0,1
1170,3,3,1.0,1
1172,3,2,1.0,1
1175,3,2,1.0,1
1176,3,2,0.5,2
1178,15,15,0.6666666666666666,3
1179,3,3,1.0,1
1180,4,2,0.5,2
1181,4,2,1.0,1
1184,3,3,0.6666666666666666,2
1185,4,2,1.0,1
1187,3,3,1.0,1
1188,4,3,1.0,1
1189,6,4,1.0,1
1191,3,2,1.0,1
1193,6,4,0.5,3
1195,3,2,1.0,1
1196,3,3,1.0,1
1197,3,3,1.0,1
1199,3,3,1.0,1
1200,4,4,1.0,1
1201,3,3,1.0,1
1202,3,3,1.0,1
1203,5,5,1.0,1
1204,4,4,1.0,1
1207,3,3,1.0,1
1208,3,3,0.6666666666666666,2
1210,3,3,1.0,1
1211,3,3,1.0,1
1212,3,2,0.5,2
1213,3,3,1.0,1
1214,5,5,1.0,1
1216,3,3,1.0,1
1217,3,2,1.0,1
1220,4,4,1.0,1
1224,3,2,1.0,1
1225,3,3,1.0,1
1227,3,2,1.0,1
1228,3,3,1.0,1
1229,3,2,1.0,1
1231,3,2,0.5,2
1232,7,7,1.0,1
1233,3,3,1.0,1
1234,3,2,1.0,1
1235,4,2,1.0,1
1236,5,2,0.5,2
1237,5,4,1.0,1
1238,3,2,1.0,1
1239,3,2,1.0,1
1240,3,3,1.0,1
1241,3,3,1.0,1
1243,4,4,1.0,1
1245,3,3,1.0,1
1246,3,2,1.0,1
1247,3,2,1.0,1
1248,5,3,0.6666666666666666,2
1250,11,11,1.0,1
1251,5,5,1.0,1
1252,7,7,1.0,1
1253,3,3,1.0,1
1254,3,3,1.0,1
1255,3,3,1.0,1
1256,3,3,1.0,1
1257,3,2,1.0,1
1258,3,2,1.0,1
1259,3,2,1.0,1
1260,3,2,1.0,1
1261,4,2,1.0,1
1263,7,6,0.5,2
1264,3,2,1.0,1
1265,4,4,1.0,1
1267,3,3,1.0,1
1268,4,3,0.3333333333333333,3
1269,3,3,1.0,1
1270,3,3,1.0,1
1271,5,5,1.0,1
1272,7,7,1.0,1
1273,16,16,1.0,1
1274,8,8,1.0,1
1275,13,13,1.0,1
1276,3,3,1.0,1
1277,4,4,1.0,1
1278,3,3,1.0,1
1279,6,6,1.0,1
1280,3,3,1.0,1
1281,3,2,0.5,2
1283,3,3,1.0,1
1284,3,3,1.0,1
1285,4,3,0.6666666666666666,2
1286,3,2,1.0,1
1288,3,3,1.0,1
1289,3,2,1.0,1
1290,5,4,0.5,2
1292,23,22,1.0,1
1293,3,2,0.5,2
1294,4,4,1.0,1
1295,3,3,1.0,1
1296,5,4,0.5,3
1297,4,3,0.3333333333333333,3
1298,4,3,0.6666666666666666,2
1299,7,4,0.75,2
1300,4,3,1.0,1
1301,3,2,1.0,1
1303,4,2,1.0,1
1304,4,4,1.0,1
1307,3,2,1.0,1
1308,3,3,1.0,1
1310,3,3,1.0,1
1311,6,6,1.0,1
1312,5,3,0.6666666666666666,2
1313,4,3,0.6666666666666666,2
1314,3,2,0.5,2
1315,3,2,0.5,2
1316,3,2,0.5,2
1319,4,4,1.0,1
1320,6,4,0.5,2
1321,4,2,1.0,1
1322,3,2,1.0,1
1323,4,4,1.0,1
1324,5,5,1.0,1
1325,4,4,1.0,1
1326,6,6,1.0,1
1327,4,4,1.0,1
1328,3,3,1.0,1
1329,4,4,1.0,1
1330,12,12,1.0,1
1331,3,3,1.0,1
1333,4,2,0.5,2
1334,7,3,0.6666666666666666,2
1335,3,3,1.0,1
1336,3,3,1.0,1
1337,3,3,0.6666666666666666,2
1338,4,3,1.0,1
1339,4,2,1.0,1
1341,4,3,1.0,1
1342,3,2,1.0,1
1343,4,2,1.0,1
1345,3,2,1.0,1
1346,6,3,0.6666666666666666,2
1347,3,3,1.0,1
1348,3,2,0.5,2
1349,3,2,1.0,1
1351,7,3,0.3333333333333333,3
1352,6,4,0.5,3
1354,3,2,1.0,1
1355,3,2,1.0,1
1356,3,2,1.0,1
1358,6,4,0.75,2
1359,7,5,0.4,3
1361,5,2,1.0,1
1363,8,6,0.3333333333333333,4
1366,3,2,1.0,1
1369,4,4,1.0,1
1376,3,3,1.0,1
1377,4,2,0.5,2
1378,4,2,0.5,2
1379,4,4,1.0,1
1380,5,5,1.0,1
1381,5,5,1.0,1
1382,6,6,1.0,1
1383,11,11,1.0,1
1384,8,8,1.0,1
1385,5,5,1.0,1
1386,3,3,1.0,1
1389,4,2,0.5,2
1391,4,2,1.0,1
1392,3,2,1.0,1
1393,3,3,1.0,1
1394,4,4,1.0,1
1396,3,2,1.0,1
1397,6,4,1.0,1
1398,3,2,1.0,1
1402,5,3,1.0,1
1403,7,7,1.0,1
1404,4,4,1.0,1
1405,4,2,0.5,2
1406,3,2,1.0,1
1407,3,2,0.5,2
1408,8,4,0.25,4
1409,3,3,0.6666666666666666,2
1410,3,3,1.0,1
1411,3,3,1.0,1
1412,4,4,1.0,1
1413,3,3,1.0,1
1414,3,3,1.0,1
1415,4,3,0.6666666666666666,2
1416,4,4,1.0,1
1417,3,3,1.0,1
1419,3,2,1.0,1
1420,3,2,1.0,1
1421,3,2,0.5,2
1422,4,2,0.5,2
1423,3,3,0.3333333333333333,3
1425,3,2,1.0,1
1427,6,2,1.0,1
1428,3,2,0.5,2
1429,7,4,1.0,1
1431,4,2,1.0,1
1432,3,3,1.0,1
1433,4,4,0.75,2
1434,3,3,1.0,1
1438,3,3,1.0,1
1439,3,2,1.0,1
1440,3,3,1.0,1
1441,3,3,1.0,1
1444,3,3,1.0,1
1445,4,2,0.5,2
1449,5,5,1.0,1
1450,3,2,1.0,1
1452,5,3,0.6666666666666666,2
1453,3,2,1.0,1
1454,5,2,0.5,2
1455,3,2,1.0,1
1456,3,3,1.0,1
1457,4,4,0.75,2
1458,3,3,1.0,1
1459,4,3,0.6666666666666666,2
1460,3,3,1.0,1
1463,3,2,0.5,2
1464,3,2,0.5,2
1466,3,3,1.0,1
1468,5,3,1.0,1
1469,3,2,1.0,1
1471,3,3,1.0,1
1474,4,2,0.5,2
1475,3,2,0.5,2
1477,8,4,0.25,4
1479,3,2,1.0,1
1480,3,2,1.0,1
1481,3,2,1.0,1
1482,3,3,1.0,1
1483,3,2,1.0,1
1484,3,3,1.0,1
1485,3,3,1.0,1
1487,5,4,1.0,1
1488,4,3,1.0,1
1489,3,2,0.5,2
1494,3,2,1.0,1
1495,3,3,1.0,1
1496,3,3,1.0,1
1498,3,2,1.0,1
1499,3,2,0.5,2
1501,3,2,0.5,2
1502,3,3,1.0,1
1507,3,2,1.0,1
1508,3,2,1.0,1
1509,5,3,1.0,1
1510,3,2,1.0,1
1512,3,2,0.5,2
1513,3,3,1.0,1
1514,3,2,0.5,2
1515,4,2,0.5,2
1518,3,3,1.0,1
1519,3,3,1.0,1
1520,3,3,1.0,1
1521,4,4,1.0,1
1524,3,2,0.5,2
1525,3,3,1.0,1
1527,3,2,1.0,1
1528,3,2,1.0,1
1529,3,3,1.0,1
1530,3,2,1.0,1
1531,3,3,1.0,1
1532,3,2,1.0,1
1533,4,2,0.5,2
1535,3,3,1.0,1
1536,3,3,1.0,1
1537,3,3,1.0,1
1538,3,2,1.0,1
1539,4,2,0.5,2
1540,4,2,0.5,2
1544,3,2,1.0,1
1545,5,3,0.6666666666666666,2
1546,3,3,1.0,1
1547,3,3,1.0,1
1548,3,2,0.5,2
1550,3,2,1.0,1
1552,4,2,0.5,2
1553,4,2,1.0,1
1555,3,3,1.0,1
1556,5,5,1.0,1
1557,4,4,1.0,1
1558,3,3,1.0,1
1559,3,2,1.0,1
1562,4,2,1.0,1
1563,3,2,1.0,1
1564,3,2,1.0,1
1565,3,2,1.0,1
1566,3,3,1.0,1
1567,4,2,1.0,1
1568,4,3,1.0,1
1569,5,5,1.0,1
1570,3,3,1.0,1
1571,3,2,1.0,1
1572,4,4,0.75,2
1573,3,3,1.0,1
1574,3,2,0.5,2
1575,5,5,0.8,2
1576,3,3,1.0,1
1577,3,3,1.0,1
1578,3,2,0.5,2
1579,4,2,0.5,2
1580,3,2,1.0,1
1582,3,3,0.6666666666666666,2
1584,3,2,1.0,1
1586,4,3,1.0,1
1589,3,2,1.0,1
1590,4,3,0.6666666666666666,2
1591,3,2,0.5,2
1592,3,2,0.5,2
1593,3,2,1.0,1
1595,3,2,1.0,1
1597,3,3,1.0,1
1598,3,3,1.0,1
1599,4,4,1.0,1
1601,3,3,1.0,1
1602,3,3,1.0,1
1603,3,3,1.0,1
1604,3,2,0.5,2
1605,3,2,1.0,1
1607,3,3,1.0,1
1608,3,2,0.5,2
1610,3,3,1.0,1
1611,3,2,1.0,1
1612,3,3,1.0,1
1615,3,3,1.0,1
1616,8,7,0.42857142857142855,3
1617,3,3,1.0,1
1618,3,3,1.0,1
1619,3,2,1.0,1
1620,3,2,1.0,1
1621,4,4,1.0,1
1622,4,2,1.0,1
1623,3,2,1.0,1
1625,5,3,1.0,1
1626,3,3,1.0,1
1627,3,2,0.5,2
1629,5,3,0.6666666666666666,2
1630,3,2,0.5,2
1631,4,2,0.5,2
1632,3,2,1.0,1
1634,3,2,1.0,1
1635,4,2,0.5,2
1636,3,2,1.0,1
1637,4,4,1.0,1
1638,3,2,0.5,2
1640,3,2,0.5,2
1641,3,3,1.0,1
1642,3,2,1.0,1
1643,4,4,1.0,1
1647,3,3,1.0,1
1650,3,2,1.0,1
1651,5,3,1.0,1
1652,3,2,0.5,2
1653,4,3,1.0,1
1654,3,3,1.0,1
1656,3,2,1.0,1
1657,3,3,1.0,1
1658,3,2,1.0,1
1659,3,3,1.0,1
1660,4,4,1.0,1
1661,22,22,1.0,1
1662,4,3,1.0,1
1663,4,4,1.0,1
1664,4,4,1.0,1
1666,4,3,0.6666666666666666,2
1667,3,3,1.0,1
1668,3,2,0.5,2
1669,3,3,0.6666666666666666,2
1670,3,3,1.0,1
1671,4,4,1.0,1
1672,3,3,1.0,1
1673,4,4,1.0,1
1674,3,3,1.0,1
1675,3,3,1.0,1
1676,4,3,0.6666666666666666,2
1677,4,4,1.0,1
1678,3,3,1.0,1
1679,3,3,1.0,1
1680,3,2,0.5,2
1681,5,3,0.6666666666666666,2
1682,3,3,1.0,1
1683,3,3,1.0,1
1684,3,2,1.0,1
1685,3,2,0.5,2
1686,3,2,1.0,1
1687,3,2,1.0,1
1688,4,4,1.0,1
1689,3,3,1.0,1
1690,4,3,0.3333333333333333,3
1691,6,5,1.0,1
1693,3,2,0.5,2
1694,3,3,0.6666666666666666,2
1695,3,2,1.0,1
1696,3,2,0.5,2
1697,3,2,0.5,2
1698,3,2,0.5,2
1699,3,2,0.5,2
1700,4,4,1.0,1
1701,4,4,0.75,2
1702,3,3,1.0,1
1703,4,4,1.0,1
1704,3,2,0.5,2
1705,3,3,1.0,1
1706,3,3,1.0,1
1707,4,4,1.0,1
1708,4,4,1.0,1
1709,3,3,1.0,1
1710,3,3,1.0,1
1711,3,2,0.5,2
1712,3,3,1.0,1
1713,3,3,1.0,1
1714,3,2,1.0,1
1715,3,3,0.6666666666666666,2
1716,4,3,0.6666666666666666,2
1717,5,4,1.0,1
1718,3,2,0.5,2
1719,3,3,1.0,1
1720,3,2,1.0,1
1721,3,2,1.0,1
1722,4,4,1.0,1
1723,3,3,1.0,1
1724,3,3,1.0,1
1725,5,5,0.8,2
1726,3,2,0.5,2
1727,3,2,0.5,2
1728,3,2,1.0,1
1729,3,3,1.0,1
1730,3,3,1.0,1
1731,3,2,0.5,2
1732,3,3,1.0,1
1733,3,3,1.0,1
1734,3,3,1.0,1
1735,3,2,0.5,2
1736,3,2,0.5,2
1737,3,3,1.0,1
1738,3,3,1.0,1
1739,3,3,1.0,1
1740,3,3,1.0,1
1741,4,4,1.0,1
1742,4,4,1.0,1
1743,3,3,1.0,1
1744,3,3,1.0,1
1745,3,3,0.3333333333333333,3
1746,3,3,1.0,1
1747,3,3,1.0,1
1748,3,3,1.0,1
1749,3,3,1.0,1
1750,3,3,1.0,1
1751,3,3,1.0,1
1752,3,3,1.0,1
1753,3,3,0.6666666666666666,2
1754,3,3,0.6666666666666666,2
1755,3,3,0.6666666666666666,2
1756,3,3,0.3333333333333333,3
1757,3,3,0.6666666666666666,2
1758,3,3,1.0,1
1759,3,3,1.0,1
1760,3,3,1.0,1
1761,3,3,1.0,1
1762,3,3,1.0,1
1763,3,3,1.0,1
1764,5,5,1.0,1
1765,3,3,1.0,1
1766,3,3,1.0,1
1767,3,3,1.0,1
1768,3,3,0.6666666666666666,2
1769,4,4,1.0,1
1770,3,3,1.0,1
1771,5,5,1.0,1
1772,4,4,1.0,1
1773,3,3,1.0,1
1774,3,3,1.0,1
1775,3,3,1.0,1
1776,4,4,1.0,1
1777,3,3,1.0,1
1778,3,3,1.0,1
1779,9,9,1.0,1
1780,3,3,1.0,1
1781,3,3,1.0,1
1782,3,3,1.0,1
1783,3,3,1.0,1
1784,4,4,1.0,1
1785,7,7,1.0,1
1786,3,3,1.0,1
1787,4,4,1.0,1
1788,4,4,1.0,1
1789,4,4,1.0,1
1790,3,3,1.0,1
1791,3,3,1.0,1
1792,12,12,1.0,1
1793,3,3,0.6666666666666666,2
1794,3,3,1.0,1
1795,3,3,1.0,1
1796,3,3,1.0,1
1797,4,4,1.0,1
1798,7,7,1.0,1
1799,4,4,1.0,1
1800,4,4,1.0,1
1801,3,3,1.0,1
1802,3,3,1.0,1
1803,3,3,1.0,1
1804,3,3,1.0,1
1805,3,3,1.0,1
1806,3,3,1.0,1
1807,3,3,1.0,1
1808,3,3,0.6666666666666666,2
1809,4,4,1.0,1
1810,3,3,1.0,1
1811,3,3,0.6666666666666666,2
1812,3,3,1.0,1
1813,3,3,1.0,1
1814,8,8,0.875,2
1815,3,3,0.6666666666666666,2
1816,3,3,1.0,1
1817,5,5,1.0,1
1818,4,4,1.0,1
1819,3,3,0.6666666666666666,2
1820,3,3,0.6666666666666666,2
1821,4,4,0.5,2
1822,4,4,1.0,1
1823,3,3,0.3333333333333333,3
1824,3,3,1.0,1
1825,3,3,1.0,1
1826,3,3,1.0,1
1827,3,3,1.0,1
1828,3,3,1.0,1
1829,4,4,0.75,2
1830,3,3,0.6666666666666666,2
1831,3,3,0.6666666666666666,2
1832,3,3,0.6666666666666666,2
1833,3,3,0.3333333333333333,3
1834,4,4,0.75,2
1835,4,4,1.0,1
1836,3,3,0.6666666666666666,2
1837,3,3,1.0,1
1838,3,3,1.0,1
1839,3,3,1.0,1
1840,3,3,1.0,1
1841,4,4,1.0,1
1842,26,26,1.0,1
1843,3,3,1.0,1
1844,3,3,1.0,1
1845,4,4,1.0,1
1846,3,3,1.0,1
1847,4,4,0.5,3
1848,3,3,1.0,1
1849,3,3,0.6666666666666666,2
1850,3,3,0.6666666666666666,2
1851,3,3,1.0,1
1852,3,3,1.0,1
1853,3,3,1.0,1
1854,3,3,1.0,1
1855,3,3,1.0,1
1856,3,3,1.0,1
1857,3,3,1.0,1
1858,3,3,1.0,1
1859,3,3,0.6666666666666666,2
1860,3,3,1.0,1
1861,3,3,1.0,1
1862,3,3,1.0,1
1863,3,3,1.0,1
1864,3,3,1.0,1
1865,3,3,1.0,1
1866,4,4,1.0,1
1867,3,3,0.6666666666666666,2
1868,3,3,1.0,1
1869,3,3,1.0,1
1870,3,3,1.0,1
1871,4,4,1.0,1
1872,4,4,1.0,1
1873,5,5,1.0,1
1874,3,3,1.0,1
1875,3,3,1.0,1
1876,3,3,1.0,1
1877,3,3,1.0,1
1878,3,3,1.0,1
1879,3,3,1.0,1
1880,3,3,1.0,1
1881,3,3,0.6666666666666666,2
1882,3,3,1.0,1
1883,4,4,1.0,1
1884,3,3,0.6666666666666666,2
1885,6,6,0.8333333333333334,2
1886,4,4,1.0,1
1887,5,5,1.0,1
1888,7,7,1.0,1
1889,3,3,1.0,1
1890,3,3,1.0,1
1891,3,3,1.0,1
1892,4,4,1.0,1
1893,3,3,1.0,1
1894,3,3,1.0,1
1895,9,9,1.0,1
1896,3,3,1.0,1
1897,6,6,1.0,1
1898,3,3,1.0,1
1899,3,3,1.0,1
1900,3,3,0.6666666666666666,2
1901,4,4,1.0,1
1902,4,4,1.0,1
1903,3,3,1.0,1
1904,3,3,1.0,1
1905,3,3,1.0,1
1906,4,4,0.75,2
1907,3,3,0.6666666666666666,2
1908,3,3,1.0,1
1909,4,4,1.0,1
1910,11,11,1.0,1
1911,5,5,1.0,1
1912,3,3,1.0,1
1913,3,3,1.0,1
1914,3,3,1.0,1
1915,3,3,1.0,1
1916,3,3,1.0,1
1917,4,4,1.0,1
1918,12,12,0.9166666666666666,2
1919,4,4,1.0,1
1920,4,4,1.0,1
1921,3,3,1.0,1
1922,3,3,1.0,1
1923,4,4,1.0,1
1924,5,5,0.8,2
1925,4,4,0.75,2
1926,69,69,0.9710144927536232,3
1927,3,3,0.6666666666666666,2
1928,3,3,1.0,1
1929,3,3,0.6666666666666666,2
1930,3,3,0.3333333333333333,3
1931,3,3,1.0,1
1932,3,3,1.0,1
1933,3,3,1.0,1
1934,3,3,1.0,1
1935,3,3,0.6666666666666666,2
1936,4,4,1.0,1
1937,4,4,1.0,1
1938,4,4,1.0,1
1939,3,3,1.0,1
1940,3,3,1.0,1
1941,3,3,0.6666666666666666,2
1942,3,3,1.0,1
1943,3,3,1.0,1
1944,3,3,1.0,1
1945,5,5,0.6,2
1946,3,3,0.6666666666666666,2
1947,7,7,0.8571428571428571,2
1948,28,28,0.9642857142857143,2
1949,5,5,1.0,1
1950,3,3,1.0,1
1951,3,3,1.0,1
1952,6,6,1.0,1
1953,3,3,1.0,1
1954,4,4,1.0,1
1955,9,9,0.8888888888888888,2
1956,4,4,1.0,1
1957,3,3,1.0,1
1958,3,3,1.0,1
1959,7,7,1.0,1
1960,3,3,1.0,1
1961,3,3,1.0,1
1962,3,3,1.0,1
1963,3,3,1.0,1
1964,3,3,1.0,1
1965,3,3,1.0,1
1966,3,3,1.0,1
1967,3,3,0.6666666666666666,2
1968,4,4,0.75,2
1969,4,4,1.0,1
1970,4,4,0.5,2
1971,5,5,0.8,2
1972,4,4,1.0,1
1973,3,3,1.0,1
1974,3,3,1.0,1
1975,4,4,0.5,2
1976,4,4,1.0,1
1977,4,4,1.0,1
1978,21,21,0.5238095238095238,3
1979,3,3,0.6666666666666666,2
1980,3,3,1.0,1
1981,3,3,1.0,1
1982,3,3,0.6666666666666666,2
1983,3,3,0.6666666666666666,2
1984,3,3,1.0,1
1985,6,6,0.8333333333333334,2
1986,3,3,1.0,1
1987,3,3,1.0,1
1988,3,3,1.0,1
1989,3,3,1.0,1
1990,3,3,1.0,1
1991,3,3,1.0,1
1992,6,6,1.0,1
1993,5,5,1.0,1
1994,3,3,1.0,1
1995,3,3,1.0,1
1996,3,3,1.0,1
1997,3,3,1.0,1
1998,3,3,1.0,1
1999,3,3,1.0,1
2000,3,3,1.0,1
2001,3,3,1.0,1
2002,3,3,1.0,1
2003,4,4,1.0,1
2004,3,3,1.0,1
2005,3,3,0.6666666666666666,2
2006,4,4,1.0,1
2007,3,3,1.0,1
2008,6,6,1.0,1
2009,4,4,1.0,1
2010,3,3,1.0,1
2011,3,3,1.0,1
2012,3,3,1.0,1
2013,3,3,1.0,1
2014,3,3,0.6666666666666666,2
2015,3,3,1.0,1
2016,3,3,1.0,1
2017,3,3,1.0,1
2018,14,14,1.0,1
2019,3,3,1.0,1
2020,4,4,1.0,1
2021,3,3,1.0,1
2022,4,4,1.0,1
2023,3,3,1.0,1
2024,3,3,0.6666666666666666,2
2025,3,3,1.0,1
2026,3,3,0.6666666666666666,2
2027,3,3,1.0,1
2028,3,3,1.0,1
2029,6,6,1.0,1
2030,4,4,1.0,1
2031,3,3,1.0,1
2032,3,3,1.0,1
2033,3,3,1.0,1
2034,3,3,1.0,1
2035,4,4,1.0,1
2036,3,3,1.0,1
2037,4,4,1.0,1
2038,3,3,1.0,1
2039,3,3,1.0,1
2040,7,7,1.0,1
2041,4,4,1.0,1
2042,4,4,1.0,1
2043,3,3,1.0,1
2044,3,3,1.0,1
2045,4,4,1.0,1
2046,3,3,1.0,1
2047,5,5,1.0,1
2048,3,3,1.0,1
2049,3,3,1.0,1
2050,4,4,1.0,1
2051,89,89,1.0,1
2052,3,3,1.0,1
2053,24,24,1.0,1
2054,4,4,1.0,1
2055,3,3,1.0,1
2056,3,3,1.0,1
2057,4,4,1.0,1
2058,5,5,1.0,1
2059,3,3,1.0,1
2060,5,5,1.0,1
2061,16,16,1.0,1
2062,6,6,1.0,1
2063,10,10,1.0,1
2064,3,3,1.0,1
2065,3,3,1.0,1
2066,4,4,1.0,1
2067,4,4,1.0,1
2068,4,4,1.0,1
2069,5,5,1.0,1
2070,3,3,1.0,1
2071,4,4,1.0,1
2072,3,3,1.0,1
2073,6,6,1.0,1
2074,4,4,1.0,1
2075,6,6,1.0,1
2076,3,3,1.0,1
2077,5,5,1.0,1
2078,4,4,1.0,1
2079,4,4,1.0,1
2080,3,3,1.0,1
2081,3,3,1.0,1
2082,13,13,1.0,1
2083,5,5,1.0,1
2084,4,4,1.0,1
2085,5,5,1.0,1
2086,36,36,1.0,1
2087,4,4,1.0,1
2088,3,3,1.0,1
2089,4,4,1.0,1
2090,15,15,1.0,1
2091,3,3,1.0,1
2092,15,15,1.0,1
2093,9,9,1.0,1
2094,3,3,1.0,1
2095,3,3,1.0,1
2096,4,4,1.0,1
2097,11,11,1.0,1
2098,4,4,1.0,1
2099,3,3,1.0,1
2100,5,5,1.0,1
2101,3,3,1.0,1
2102,3,3,1.0,1
2103,4,4,1.0,1
2104,3,3,1.0,1
2105,3,3,1.0,1
2106,3,3,1.0,1
2107,4,4,1.0,1
2108,3,3,1.0,1
2109,3,3,1.0,1
2110,4,4,1.0,1
2111,3,3,1.0,1
2112,3,3,1.0,1
2113,6,6,1.0,1
2114,7,7,1.0,1
2115,5,5,1.0,1
2116,3,3,1.0,1
2117,3,3,1.0,1
2118,5,5,1.0,1
2119,3,3,1.0,1
2120,5,5,1.0,1
2121,4,4,1.0,1
2122,3,3,1.0,1
2123,3,3,1.0,1
2124,3,3,1.0,1
2125,3,3,1.0,1
2126,3,3,1.0,1
2127,3,3,1.0,1
2128,3,3,1.0,1
2129,3,3,1.0,1
2130,7,7,1.0,1
2131,3,3,1.0,1
2132,5,5,1.0,1
2133,6,6,1.0,1
2134,3,3,1.0,1
2135,3,3,1.0,1
2136,3,3,0.6666666666666666,2
2137,3,3,1.0,1
2138,6,6,1.0,1
2139,4,4,1.0,1
2140,3,3,1.0,1
2141,3,3,1.0,1
2142,3,3,1.0,1
2143,3,3,1.0,1
2144,4,4,1.0,1
2145,6,6,1.0,1
2146,3,3,1.0,1
2147,3,3,1.0,1
2148,3,3,1.0,1
2149,3,3,1.0,1
2150,3,3,1.0,1
2151,3,3,1.0,1
2152,3,3,1.0,1
2153,3,3,1.0,1
2154,3,3,1.0,1
2155,4,4,1.0,1
2156,3,3,1.0,1
2157,4,4,1.0,1
2158,3,3,1.0,1
2159,3,3,1.0,1
2160,4,4,1.0,1
2161,3,3,1.0,1
2162,5,5,1.0,1
2163,3,3,1.0,1
2164,4,4,1.0,1
2165,4,4,1.0,1
2166,6,6,1.0,1
2167,3,3,1.0,1
2168,3,3,1.0,1
2169,4,4,1.0,1
2170,3,3,1.0,1
2171,3,3,1.0,1
2172,3,3,1.0,1
2173,3,3,1.0,1
2174,4,4,1.0,1
2175,4,4,1.0,1
2176,3,3,1.0,1
2177,3,3,1.0,1
2178,3,3,1.0,1
2179,3,3,1.0,1
2180,3,3,1.0,1
2181,4,4,1.0,1
2182,6,6,1.0,1
2183,9,9,1.0,1
2184,4,4,1.0,1
2185,3,3,1.0,1
2186,3,3,1.0,1
2187,6,6,1.0,1
2188,5,5,1.0,1
2189,3,3,1.0,1
2190,4,4,1.0,1
2191,3,3,1.0,1
2192,3,3,1.0,1
2193,3,3,1.0,1
2194,3,3,1.0,1
2195,3,3,1.0,1
2196,6,6,1.0,1
2197,3,3,1.0,1
2198,3,3,1.0,1
2199,3,3,1.0,1
2200,6,6,1.0,1
2201,3,3,1.0,1
2202,3,3,1.0,1
2203,3,3,1.0,1
2204,3,3,1.0,1
2205,5,5,1.0,1
2206,4,4,1.0,1
2207,3,3,1.0,1
2208,3,3,1.0,1
2209,3,3,1.0,1
2210,5,5,1.0,1
2211,3,3,1.0,1
2212,3,3,1.0,1
2213,3,3,1.0,1
2214,11,11,1.0,1
2215,6,6,1.0,1
2216,4,4,1.0,1
2217,3,3,1.0,1
2218,10,10,1.0,1
2219,3,3,1.0,1
2220,4,4,1.0,1
2221,3,3,1.0,1
2222,3,3,1.0,1
2223,4,4,1.0,1
2224,4,4,1.0,1
2225,3,3,1.0,1
2226,4,4,1.0,1
2227,8,8,1.0,1
2228,3,3,1.0,1
2229,3,3,1.0,1
2230,3,3,1.0,1
2231,4,4,1.0,1
2232,4,4,1.0,1
2233,3,3,1.0,1
2234,3,3,1.0,1
2235,3,3,1.0,1
2236,3,3,1.0,1
2237,3,3,1.0,1
2238,3,3,1.0,1
2239,3,3,1.0,1
2240,5,5,1.0,1
2241,3,3,1.0,1
2242,3,3,1.0,1
2243,3,3,1.0,1
2244,4,4,1.0,1
2245,3,3,1.0,1
2246,4,4,1.0,1
2247,3,3,1.0,1
2248,3,3,1.0,1
2249,4,4,1.0,1
2250,3,3,1.0,1
2251,3,3,1.0,1
2252,3,3,1.0,1
2253,8,8,1.0,1
2254,3,3,1.0,1
2255,3,3,1.0,1
2256,3,3,1.0,1
2257,10,10,1.0,1
2258,3,3,1.0,1
2259,3,3,1.0,1
2260,3,3,1.0,1
2261,4,4,1.0,1
2262,3,3,1.0,1
2263,3,3,1.0,1
2264,6,6,1.0,1
2265,3,3,1.0,1
2266,6,6,1.0,1
2267,3,3,1.0,1
2268,3,3,1.0,1
2269,5,5,1.0,1
2270,4,4,1.0,1
2271,4,4,1.0,1
2272,11,11,1.0,1
2273,4,4,1.0,1
2274,3,3,1.0,1
2275,5,5,1.0,1
2276,3,3,1.0,1
2277,4,4,1.0,1
2278,3,3,1.0,1
2279,4,4,1.0,1
2280,3,3,1.0,1
2281,4,4,1.0,1
2282,4,4,1.0,1
2283,5,5,1.0,1
2284,3,3,1.0,1
2285,3,3,1.0,1
2286,4,4,1.0,1
2287,4,4,1.0,1
2288,3,3,1.0,1
2289,3,3,1.0,1
2290,3,3,1.0,1
2291,3,3,1.0,1
2292,3,3,1.0,1
2293,3,3,1.0,1
2294,6,6,1.0,1
2295,3,3,1.0,1
2296,7,7,1.0,1
2297,4,4,1.0,1
2298,3,3,1.0,1
2299,3,3,1.0,1
2300,3,3,1.0,1
2301,4,4,1.0,1
2302,6,6,1.0,1
2303,3,3,1.0,1
2304,3,3,1.0,1
2305,3,3,1.0,1
2306,20,20,1.0,1
2307,3,3,1.0,1
2308,3,3,1.0,1
2309,7,7,1.0,1
2310,5,5,1.0,1
2311,3,3,1.0,1
2312,8,8,1.0,1
2313,4,4,1.0,1
2314,3,3,1.0,1
2315,3,3,1.0,1
2316,5,5,1.0,1
2317,9,9,1.0,1
2318,3,3,1.0,1
2319,6,6,1.0,1
2320,4,4,1.0,1
2321,5,5,1.0,1
2322,3,3,1.0,1
2323,3,3,1.0,1
2324,3,3,1.0,1
2325,6,6,1.0,1
2326,3,3,1.0,1
2327,4,4,1.0,1
2328,3,3,1.0,1
2329,3,3,1.0,1
2330,3,3,1.0,1
2331,3,3,1.0,1
2332,4,4,1.0,1
2333,3,3,1.0,1
2334,3,3,1.0,1
2335,3,3,1.0,1
2336,3,3,1.0,1
2337,3,3,1.0,1
2338,3,3,1.0,1
2339,3,3,1.0,1
2340,3,3,1.0,1
2341,3,3,1.0,1
2342,3,3,1.0,1
2343,6,6,1.0,1
2344,3,3,1.0,1
2345,3,3,1.0,1
2346,4,4,1.0,1
2347,3,3,1.0,1
2348,3,3,1.0,1
2349,4,4,1.0,1
2350,6,6,1.0,1
2351,6,6,1.0,1
2352,3,3,1.0,1
2353,3,3,1.0,1
2354,3,3,1.0,1
2355,3,3,1.0,1
2356,3,3,1.0,1
2357,3,3,1.0,1
2358,3,3,1.0,1
2359,3,3,1.0,1
2360,4,4,1.0,1
2361,3,3,1.0,1
2362,3,3,1.0,1
2363,4,4,1.0,1
2364,3,3,1.0,1
2365,4,4,1.0,1
2366,6,6,1.0,1
2367,3,3,1.0,1
2368,4,4,1.0,1
2369,3,3,1.0,1
2370,3,3,1.0,1
2371,3,3,1.0,1
2372,6,6,1.0,1
2373,3,3,1.0,1
2374,3,3,1.0,1
2375,13,13,1.0,1
2376,7,7,1.0,1
2377,3,3,1.0,1
2378,3,3,1.0,1
2379,3,3,1.0,1
2380,3,3,1.0,1
2381,4,4,1.0,1
